college,major
간호대학,간호학과
경영대학,경영학과
공과대학,화공생명공학과
공과대학,건축사회환경공학부
공과대학,건축학과
공과대학,기계공학부
공과대학,전기전자공학부
공과대학,신소재공학부
공과대학,산업경영공학부
공과대학,반도체공학과
공과대학,융합에너지공학과
공과대학,차세대통신학과
국제대학,국제학부
국제대학,글로벌한국융합학부
국제대학,글로벌자율학부
디자인조형학부,산업정보디자인전공
디자인조형학부,조형미술전공
문과대학,국어국문학과
문과대학,철학과
문과대학,한국사학과
문과대학,사학과
문과대학,사회학과
문과대학,한문학과
문과대학,영어영문학과
문과대학,독어독문학과
문과대학,불어불문학과
문과대학,중어중문학과
문과대학,노어노문학과
문과대학,일어일문학과
문과대학,서어서문학과
문과대학,언어학과
미디어대학,미디어학부
미디어대학,글로벌엔터테인먼트학부
보건과학대학,바이오의공학부
보건과학대학,바이오시스템의과학부 (바이오의과학전공)
보건과학대학,바이오시스템의과학부 (바이오식품영양과학전공)
보건과학대학,보건환경융합과학부 (환경보건안전전공)
보건과학대학,보건환경융합과학부 (보건의료전공)
보건과학대학,보건정책관리학부
사범대학,교육학과
사범대학,체육교육과
사범대학,가정교육과
사범대학,수학교육과
사범대학,국어교육과
사범대학,영어교육과
사범대학,지리교육과
사범대학,역사교육과
생명과학대학,생명과학부
생명과학대학,생명공학부
생명과학대학,식품공학과
생명과학대학,환경생태공학부
생명과학대학,식품자원경제학과
스마트모빌리티학부,차세대에너지전공
스마트모빌리티학부,미래모빌리티전공
스마트보안학부,사이버국방학과
스마트보안학부,스마트보안학부
심리학부,심리학전공(문학사)
심리학부,심리학전공(이학사
의과대학,의예과
의과대학,의학과
이과대학,수학과
이과대학,물리학과
이과대학,화학과
이과대학,지구환경과학과
자유전공학부,공공거버넌스와리더십전공
정경대학,정치외교학과
정경대학,경제학과
정경대학,통계학과
정경대학,행정학과
정보대학,컴퓨터학과
정보대학,데이터과학과
정보대학,인공지능학과
학부대학,학부대학
안알랴줌,안알랴줌